,random,cohort
0,532,Cohort 1d
1,467,Cohort 1d
2,698,Cohort2
3,785,Cohort2
4,137,Cohort 1a
5,198,Cohort 1b
6,468,Cohort 1d
7,990,Cohort2
8,845,Cohort2
9,895,Cohort2
10,496,Cohort 1d
11,126,Cohort 1a
12,59,Cohort 1a
13,264,Cohort 1b
14,763,Cohort2
15,910,Cohort2
16,246,Cohort 1b
17,162,Cohort 1b
18,294,Cohort 1b
19,515,Cohort 1d
20,757,Cohort2
21,387,Cohort 1c
22,391,Cohort 1c
23,980,Cohort2
24,56,Cohort 1a
25,484,Cohort 1d
26,378,Cohort 1c
27,149,Cohort 1a
28,784,Cohort2
29,334,Cohort 1c
30,314,Cohort 1c
31,764,Cohort2
32,206,Cohort 1b
33,27,Cohort 1a
34,209,Cohort 1b
35,119,Cohort 1a
36,893,Cohort2
37,900,Cohort2
38,862,Cohort2
39,1027,Cohort2
40,255,Cohort 1b
41,1018,Cohort2
42,489,Cohort 1d
43,896,Cohort2
44,992,Cohort2
45,72,Cohort 1a
46,354,Cohort 1c
47,521,Cohort 1d
48,370,Cohort 1c
49,436,Cohort 1c
50,884,Cohort2
51,430,Cohort 1c
52,442,Cohort 1c
53,704,Cohort2
54,241,Cohort 1b
55,96,Cohort 1a
56,1015,Cohort2
57,846,Cohort2
58,942,Cohort2
59,965,Cohort2
60,195,Cohort 1b
61,344,Cohort 1c
62,915,Cohort2
63,214,Cohort 1b
64,192,Cohort 1b
65,17,Cohort 1a
66,329,Cohort 1c
67,57,Cohort 1a
68,321,Cohort 1c
69,98,Cohort 1a
70,971,Cohort2
71,1031,Cohort2
72,480,Cohort 1d
73,582,Cohort 1d
74,964,Cohort2
75,184,Cohort 1b
76,475,Cohort 1d
77,596,Cohort 1d
78,289,Cohort 1b
79,490,Cohort 1d
80,331,Cohort 1c
81,189,Cohort 1b
82,786,Cohort2
83,172,Cohort 1b
84,223,Cohort 1b
85,1026,Cohort2
86,106,Cohort 1a
87,644,Cohort2
88,615,Cohort2
89,281,Cohort 1b
90,865,Cohort2
91,39,Cohort 1a
92,574,Cohort 1d
93,194,Cohort 1b
94,723,Cohort2
95,283,Cohort 1b
96,205,Cohort 1b
97,252,Cohort 1b
98,125,Cohort 1a
99,384,Cohort 1c
100,526,Cohort 1d
101,986,Cohort2
102,330,Cohort 1c
103,589,Cohort 1d
104,163,Cohort 1b
105,326,Cohort 1c
106,301,Cohort 1c
107,724,Cohort2
108,751,Cohort2
109,161,Cohort 1b
110,958,Cohort2
111,691,Cohort2
112,347,Cohort 1c
113,143,Cohort 1a
114,667,Cohort2
115,62,Cohort 1a
116,279,Cohort 1b
117,170,Cohort 1b
118,839,Cohort2
119,399,Cohort 1c
120,998,Cohort2
121,49,Cohort 1a
122,888,Cohort2
123,97,Cohort 1a
124,556,Cohort 1d
125,278,Cohort 1b
126,266,Cohort 1b
127,203,Cohort 1b
128,25,Cohort 1a
129,438,Cohort 1c
130,88,Cohort 1a
131,572,Cohort 1d
132,513,Cohort 1d
133,652,Cohort2
134,554,Cohort 1d
135,878,Cohort2
136,212,Cohort 1b
137,753,Cohort2
138,342,Cohort 1c
139,196,Cohort 1b
140,1032,Cohort2
141,95,Cohort 1a
142,794,Cohort2
143,120,Cohort 1a
144,320,Cohort 1c
145,869,Cohort2
146,429,Cohort 1c
147,267,Cohort 1b
148,806,Cohort2
149,500,Cohort 1d
150,134,Cohort 1a
151,450,Cohort 1c
152,506,Cohort 1d
153,110,Cohort 1a
154,736,Cohort2
155,476,Cohort 1d
156,955,Cohort2
157,337,Cohort 1c
158,417,Cohort 1c
159,804,Cohort2
160,304,Cohort 1c
161,947,Cohort2
162,708,Cohort2
163,247,Cohort 1b
164,20,Cohort 1a
165,130,Cohort 1a
166,816,Cohort2
167,456,Cohort 1d
168,363,Cohort 1c
169,940,Cohort2
170,487,Cohort 1d
171,858,Cohort2
172,238,Cohort 1b
173,740,Cohort2
174,274,Cohort 1b
175,809,Cohort2
176,725,Cohort2
177,510,Cohort 1d
178,45,Cohort 1a
179,967,Cohort2
180,1005,Cohort2
181,621,Cohort2
182,458,Cohort 1d
183,821,Cohort2
184,292,Cohort 1b
185,592,Cohort 1d
186,474,Cohort 1d
187,388,Cohort 1c
188,297,Cohort 1b
189,638,Cohort2
190,1019,Cohort2
191,677,Cohort2
192,981,Cohort2
193,911,Cohort2
194,139,Cohort 1a
195,875,Cohort2
196,954,Cohort2
197,1024,Cohort2
198,599,Cohort 1d
199,729,Cohort2
200,313,Cohort 1c
201,976,Cohort2
202,716,Cohort2
203,633,Cohort2
204,91,Cohort 1a
205,113,Cohort 1a
206,951,Cohort2
207,628,Cohort2
208,564,Cohort 1d
209,434,Cohort 1c
210,909,Cohort2
211,853,Cohort2
212,286,Cohort 1b
213,22,Cohort 1a
214,275,Cohort 1b
215,51,Cohort 1a
216,14,Cohort 1a
217,146,Cohort 1a
218,154,Cohort 1b
219,609,Cohort2
220,616,Cohort2
221,798,Cohort2
222,19,Cohort 1a
223,807,Cohort2
224,233,Cohort 1b
225,328,Cohort 1c
226,482,Cohort 1d
227,600,Cohort 1d
228,185,Cohort 1b
229,190,Cohort 1b
230,4,Cohort 1a
231,76,Cohort 1a
232,994,Cohort2
233,8,Cohort 1a
234,613,Cohort2
235,594,Cohort 1d
236,901,Cohort2
237,254,Cohort 1b
238,371,Cohort 1c
239,854,Cohort2
240,116,Cohort 1a
241,175,Cohort 1b
242,699,Cohort2
243,361,Cohort 1c
244,1021,Cohort2
245,44,Cohort 1a
246,115,Cohort 1a
247,448,Cohort 1c
248,316,Cohort 1c
249,841,Cohort2
250,874,Cohort2
251,300,Cohort 1b
252,352,Cohort 1c
253,362,Cohort 1c
254,75,Cohort 1a
255,675,Cohort2
256,604,Cohort2
257,982,Cohort2
258,23,Cohort 1a
259,439,Cohort 1c
260,811,Cohort2
261,565,Cohort 1d
262,140,Cohort 1a
263,953,Cohort2
264,317,Cohort 1c
265,53,Cohort 1a
266,173,Cohort 1b
267,949,Cohort2
268,16,Cohort 1a
269,727,Cohort2
270,171,Cohort 1b
271,835,Cohort2
272,123,Cohort 1a
273,580,Cohort 1d
274,80,Cohort 1a
275,943,Cohort2
276,257,Cohort 1b
277,945,Cohort2
278,420,Cohort 1c
279,635,Cohort2
280,1030,Cohort2
281,575,Cohort 1d
282,410,Cohort 1c
283,60,Cohort 1a
284,118,Cohort 1a
285,432,Cohort 1c
286,533,Cohort 1d
287,603,Cohort2
288,996,Cohort2
289,327,Cohort 1c
290,341,Cohort 1c
291,473,Cohort 1d
292,21,Cohort 1a
293,323,Cohort 1c
294,449,Cohort 1c
295,720,Cohort2
296,243,Cohort 1b
297,31,Cohort 1a
298,771,Cohort2
299,870,Cohort2
300,663,Cohort2
301,780,Cohort2
302,312,Cohort 1c
303,570,Cohort 1d
304,33,Cohort 1a
305,817,Cohort2
306,797,Cohort2
307,824,Cohort2
308,1002,Cohort2
309,26,Cohort 1a
310,315,Cohort 1c
311,288,Cohort 1b
312,454,Cohort 1d
313,338,Cohort 1c
314,877,Cohort2
315,534,Cohort 1d
316,520,Cohort 1d
317,783,Cohort2
318,427,Cohort 1c
319,359,Cohort 1c
320,939,Cohort2
321,200,Cohort 1b
322,132,Cohort 1a
323,178,Cohort 1b
324,66,Cohort 1a
325,754,Cohort2
326,624,Cohort2
327,935,Cohort2
328,535,Cohort 1d
329,591,Cohort 1d
330,61,Cohort 1a
331,788,Cohort2
332,105,Cohort 1a
333,219,Cohort 1b
334,1012,Cohort2
335,103,Cohort 1a
336,639,Cohort2
337,555,Cohort 1d
338,658,Cohort2
339,648,Cohort2
340,54,Cohort 1a
341,767,Cohort2
342,365,Cohort 1c
343,606,Cohort2
344,710,Cohort2
345,790,Cohort2
346,159,Cohort 1b
347,829,Cohort2
348,357,Cohort 1c
349,157,Cohort 1b
350,333,Cohort 1c
351,678,Cohort2
352,121,Cohort 1a
353,256,Cohort 1b
354,99,Cohort 1a
355,42,Cohort 1a
356,685,Cohort2
357,222,Cohort 1b
358,918,Cohort2
359,907,Cohort2
360,826,Cohort2
361,336,Cohort 1c
362,180,Cohort 1b
363,1011,Cohort2
364,800,Cohort2
365,401,Cohort 1c
366,548,Cohort 1d
367,641,Cohort2
368,34,Cohort 1a
369,1040,Cohort2
370,731,Cohort2
371,912,Cohort2
372,269,Cohort 1b
373,523,Cohort 1d
374,560,Cohort 1d
375,470,Cohort 1d
376,536,Cohort 1d
377,492,Cohort 1d
378,883,Cohort2
379,803,Cohort2
380,235,Cohort 1b
381,732,Cohort2
382,623,Cohort2
383,225,Cohort 1b
384,620,Cohort2
385,346,Cohort 1c
386,129,Cohort 1a
387,904,Cohort2
388,519,Cohort 1d
389,263,Cohort 1b
390,937,Cohort2
391,654,Cohort2
392,259,Cohort 1b
393,689,Cohort2
394,695,Cohort2
395,183,Cohort 1b
396,861,Cohort2
397,701,Cohort2
398,739,Cohort2
399,493,Cohort 1d
400,133,Cohort 1a
401,669,Cohort2
402,948,Cohort2
403,683,Cohort2
404,851,Cohort2
405,692,Cohort2
406,310,Cohort 1c
407,968,Cohort2
408,608,Cohort2
409,634,Cohort2
410,952,Cohort2
411,762,Cohort2
412,270,Cohort 1b
413,814,Cohort2
414,0,Cohort 1a
415,660,Cohort2
416,618,Cohort2
417,368,Cohort 1c
418,224,Cohort 1b
419,860,Cohort2
420,836,Cohort2
421,240,Cohort 1b
422,385,Cohort 1c
423,424,Cohort 1c
424,661,Cohort2
425,437,Cohort 1c
426,550,Cohort 1d
427,280,Cohort 1b
428,168,Cohort 1b
429,237,Cohort 1b
430,815,Cohort2
431,471,Cohort 1d
432,684,Cohort2
433,307,Cohort 1c
434,530,Cohort 1d
435,10,Cohort 1a
436,588,Cohort 1d
437,743,Cohort2
438,295,Cohort 1b
439,651,Cohort2
440,977,Cohort2
441,491,Cohort 1d
442,1017,Cohort2
443,463,Cohort 1d
444,916,Cohort2
445,741,Cohort2
446,631,Cohort2
447,782,Cohort2
448,978,Cohort2
449,659,Cohort2
450,825,Cohort2
451,664,Cohort2
452,30,Cohort 1a
453,112,Cohort 1a
454,277,Cohort 1b
455,144,Cohort 1a
456,934,Cohort2
457,926,Cohort2
458,665,Cohort2
459,372,Cohort 1c
460,759,Cohort2
461,755,Cohort2
462,645,Cohort2
463,87,Cohort 1a
464,228,Cohort 1b
465,879,Cohort2
466,186,Cohort 1b
467,150,Cohort 1a
468,630,Cohort2
469,837,Cohort2
470,913,Cohort2
471,738,Cohort2
472,231,Cohort 1b
473,461,Cohort 1d
474,742,Cohort2
475,242,Cohort 1b
476,111,Cohort 1a
477,386,Cohort 1c
478,67,Cohort 1a
479,117,Cohort 1a
480,706,Cohort2
481,617,Cohort2
482,682,Cohort2
483,488,Cohort 1d
484,718,Cohort2
485,412,Cohort 1c
486,108,Cohort 1a
487,208,Cohort 1b
488,856,Cohort2
489,985,Cohort2
490,221,Cohort 1b
491,165,Cohort 1b
492,374,Cohort 1c
493,578,Cohort 1d
494,847,Cohort2
495,142,Cohort 1a
496,494,Cohort 1d
497,392,Cohort 1c
498,348,Cohort 1c
499,713,Cohort2
500,898,Cohort2
501,760,Cohort2
502,466,Cohort 1d
503,389,Cohort 1c
504,394,Cohort 1c
505,498,Cohort 1d
506,419,Cohort 1c
507,761,Cohort2
508,773,Cohort2
509,712,Cohort2
510,801,Cohort2
511,748,Cohort2
512,963,Cohort2
513,201,Cohort 1b
514,936,Cohort2
515,637,Cohort2
516,507,Cohort 1d
517,834,Cohort2
518,655,Cohort2
519,680,Cohort2
520,204,Cohort 1b
521,1039,Cohort2
522,1003,Cohort2
523,109,Cohort 1a
524,961,Cohort2
525,697,Cohort2
526,414,Cohort 1c
527,305,Cohort 1c
528,733,Cohort2
529,561,Cohort 1d
530,859,Cohort2
531,276,Cohort 1b
532,325,Cohort 1c
533,766,Cohort2
534,584,Cohort 1d
535,166,Cohort 1b
536,408,Cohort 1c
537,495,Cohort 1d
538,395,Cohort 1c
539,74,Cohort 1a
540,674,Cohort2
541,167,Cohort 1b
542,542,Cohort 1d
543,944,Cohort2
544,55,Cohort 1a
545,679,Cohort2
546,216,Cohort 1b
547,997,Cohort2
548,486,Cohort 1d
549,734,Cohort2
550,537,Cohort 1d
551,719,Cohort2
552,567,Cohort 1d
553,43,Cohort 1a
554,35,Cohort 1a
555,479,Cohort 1d
556,843,Cohort2
557,833,Cohort2
558,319,Cohort 1c
559,122,Cohort 1a
560,38,Cohort 1a
561,917,Cohort2
562,9,Cohort 1a
563,538,Cohort 1d
564,887,Cohort2
565,974,Cohort2
566,1008,Cohort2
567,179,Cohort 1b
568,969,Cohort2
569,601,Cohort2
570,927,Cohort2
571,653,Cohort2
572,999,Cohort2
573,857,Cohort2
574,973,Cohort2
575,147,Cohort 1a
576,666,Cohort2
577,46,Cohort 1a
578,360,Cohort 1c
579,78,Cohort 1a
580,182,Cohort 1b
581,1006,Cohort2
582,293,Cohort 1b
583,32,Cohort 1a
584,960,Cohort2
585,700,Cohort2
586,551,Cohort 1d
587,211,Cohort 1b
588,93,Cohort 1a
589,82,Cohort 1a
590,138,Cohort 1a
591,838,Cohort2
592,979,Cohort2
593,481,Cohort 1d
594,871,Cohort2
595,619,Cohort2
596,499,Cohort 1d
597,451,Cohort 1d
598,610,Cohort2
599,563,Cohort 1d
600,906,Cohort2
601,717,Cohort2
602,864,Cohort2
603,343,Cohort 1c
604,681,Cohort2
605,822,Cohort2
606,531,Cohort 1d
607,922,Cohort2
608,646,Cohort2
609,13,Cohort 1a
610,1038,Cohort2
611,356,Cohort 1c
612,11,Cohort 1a
613,64,Cohort 1a
614,823,Cohort2
615,885,Cohort2
616,828,Cohort2
617,409,Cohort 1c
618,287,Cohort 1b
619,545,Cohort 1d
620,590,Cohort 1d
621,656,Cohort2
622,349,Cohort 1c
623,852,Cohort2
624,587,Cohort 1d
625,71,Cohort 1a
626,745,Cohort2
627,929,Cohort2
628,914,Cohort2
629,737,Cohort2
630,1033,Cohort2
631,197,Cohort 1b
632,991,Cohort2
633,805,Cohort2
634,273,Cohort 1b
635,1013,Cohort2
636,547,Cohort 1d
637,889,Cohort2
638,355,Cohort 1c
639,36,Cohort 1a
640,549,Cohort 1d
641,779,Cohort2
642,100,Cohort 1a
643,381,Cohort 1c
644,446,Cohort 1c
645,585,Cohort 1d
646,406,Cohort 1c
647,558,Cohort 1d
648,529,Cohort 1d
649,924,Cohort2
650,671,Cohort2
651,92,Cohort 1a
652,657,Cohort2
653,285,Cohort 1b
654,508,Cohort 1d
655,443,Cohort 1c
656,12,Cohort 1a
657,802,Cohort2
658,1022,Cohort2
659,84,Cohort 1a
660,373,Cohort 1c
661,104,Cohort 1a
662,730,Cohort2
663,844,Cohort2
664,908,Cohort2
665,886,Cohort2
666,176,Cohort 1b
667,774,Cohort2
668,956,Cohort2
669,227,Cohort 1b
670,353,Cohort 1c
671,1029,Cohort2
672,202,Cohort 1b
673,705,Cohort2
674,462,Cohort 1d
675,290,Cohort 1b
676,605,Cohort2
677,528,Cohort 1d
678,696,Cohort2
679,70,Cohort 1a
680,226,Cohort 1b
681,497,Cohort 1d
682,714,Cohort2
683,24,Cohort 1a
684,400,Cohort 1c
685,322,Cohort 1c
686,921,Cohort2
687,375,Cohort 1c
688,411,Cohort 1c
689,1042,Cohort2
690,90,Cohort 1a
691,514,Cohort 1d
692,369,Cohort 1c
693,158,Cohort 1b
694,827,Cohort2
695,777,Cohort2
696,676,Cohort2
697,1023,Cohort2
698,258,Cohort 1b
699,415,Cohort 1c
700,52,Cohort 1a
701,131,Cohort 1a
702,50,Cohort 1a
703,693,Cohort2
704,541,Cohort 1d
705,485,Cohort 1d
706,1,Cohort 1a
707,702,Cohort2
708,236,Cohort 1b
709,41,Cohort 1a
710,457,Cohort 1d
711,970,Cohort2
712,559,Cohort 1d
713,546,Cohort 1d
714,524,Cohort 1d
715,752,Cohort2
716,447,Cohort 1c
717,152,Cohort 1b
718,260,Cohort 1b
719,930,Cohort2
720,249,Cohort 1b
721,464,Cohort 1d
722,830,Cohort2
723,1009,Cohort2
724,932,Cohort2
725,966,Cohort2
726,402,Cohort 1c
727,626,Cohort2
728,291,Cohort 1b
729,340,Cohort 1c
730,114,Cohort 1a
731,441,Cohort 1c
732,151,Cohort 1b
733,303,Cohort 1c
734,250,Cohort 1b
735,504,Cohort 1d
736,1007,Cohort2
737,81,Cohort 1a
738,296,Cohort 1b
739,581,Cohort 1d
740,1010,Cohort2
741,1001,Cohort2
742,516,Cohort 1d
743,472,Cohort 1d
744,715,Cohort2
745,919,Cohort2
746,894,Cohort2
747,627,Cohort2
748,602,Cohort2
749,261,Cohort 1b
750,868,Cohort2
751,1004,Cohort2
752,988,Cohort2
753,435,Cohort 1c
754,880,Cohort2
755,199,Cohort 1b
756,993,Cohort2
757,735,Cohort2
758,174,Cohort 1b
759,866,Cohort2
760,102,Cohort 1a
761,787,Cohort2
762,58,Cohort 1a
763,873,Cohort2
764,989,Cohort2
765,169,Cohort 1b
766,553,Cohort 1d
767,37,Cohort 1a
768,905,Cohort2
769,792,Cohort2
770,28,Cohort 1a
771,220,Cohort 1b
772,213,Cohort 1b
773,707,Cohort2
774,557,Cohort 1d
775,728,Cohort2
776,124,Cohort 1a
777,544,Cohort 1d
778,983,Cohort2
779,48,Cohort 1a
780,721,Cohort2
781,421,Cohort 1c
782,234,Cohort 1b
783,65,Cohort 1a
784,398,Cohort 1c
785,622,Cohort2
786,518,Cohort 1d
787,562,Cohort 1d
788,694,Cohort2
789,640,Cohort2
790,1000,Cohort2
791,128,Cohort 1a
792,765,Cohort2
793,244,Cohort 1b
794,440,Cohort 1c
795,40,Cohort 1a
796,107,Cohort 1a
797,465,Cohort 1d
798,376,Cohort 1c
799,1016,Cohort2
800,431,Cohort 1c
801,595,Cohort 1d
802,756,Cohort2
803,957,Cohort2
804,611,Cohort2
805,612,Cohort2
806,367,Cohort 1c
807,262,Cohort 1b
808,972,Cohort2
809,217,Cohort 1b
810,897,Cohort2
811,583,Cohort 1d
812,984,Cohort2
813,145,Cohort 1a
814,63,Cohort 1a
815,29,Cohort 1a
816,818,Cohort2
817,136,Cohort 1a
818,135,Cohort 1a
819,452,Cohort 1d
820,86,Cohort 1a
821,191,Cohort 1b
822,460,Cohort 1d
823,188,Cohort 1b
824,83,Cohort 1a
825,332,Cohort 1c
826,141,Cohort 1a
827,284,Cohort 1b
828,364,Cohort 1c
829,339,Cohort 1c
830,722,Cohort2
831,210,Cohort 1b
832,744,Cohort2
833,899,Cohort2
834,324,Cohort 1c
835,422,Cohort 1c
836,302,Cohort 1c
837,668,Cohort2
838,3,Cohort 1a
839,941,Cohort2
840,928,Cohort2
841,418,Cohort 1c
842,987,Cohort2
843,711,Cohort2
844,511,Cohort 1d
845,962,Cohort2
846,308,Cohort 1c
847,509,Cohort 1d
848,298,Cohort 1b
849,181,Cohort 1b
850,156,Cohort 1b
851,1036,Cohort2
852,876,Cohort2
853,282,Cohort 1b
854,872,Cohort2
855,636,Cohort2
856,768,Cohort2
857,505,Cohort 1d
858,769,Cohort2
859,455,Cohort 1d
860,890,Cohort2
861,577,Cohort 1d
862,155,Cohort 1b
863,89,Cohort 1a
864,2,Cohort 1a
865,778,Cohort2
866,445,Cohort 1c
867,975,Cohort2
868,749,Cohort2
869,819,Cohort2
870,863,Cohort2
871,253,Cohort 1b
872,891,Cohort2
873,153,Cohort 1b
874,938,Cohort2
875,366,Cohort 1c
876,229,Cohort 1b
877,73,Cohort 1a
878,597,Cohort 1d
879,808,Cohort2
880,232,Cohort 1b
881,177,Cohort 1b
882,383,Cohort 1c
883,522,Cohort 1d
884,239,Cohort 1b
885,501,Cohort 1d
886,573,Cohort 1d
887,881,Cohort2
888,428,Cohort 1c
889,925,Cohort2
890,350,Cohort 1c
891,193,Cohort 1b
892,425,Cohort 1c
893,164,Cohort 1b
894,882,Cohort2
895,396,Cohort 1c
896,77,Cohort 1a
897,268,Cohort 1b
898,690,Cohort2
899,390,Cohort 1c
900,444,Cohort 1c
901,687,Cohort2
902,848,Cohort2
903,187,Cohort 1b
904,840,Cohort2
905,404,Cohort 1c
906,18,Cohort 1a
907,299,Cohort 1b
908,832,Cohort2
909,688,Cohort2
910,902,Cohort2
911,789,Cohort2
912,647,Cohort2
913,1041,Cohort2
914,403,Cohort 1c
915,552,Cohort 1d
916,799,Cohort2
917,566,Cohort 1d
918,265,Cohort 1b
919,709,Cohort2
920,579,Cohort 1d
921,959,Cohort2
922,726,Cohort2
923,351,Cohort 1c
924,670,Cohort2
925,995,Cohort2
926,747,Cohort2
927,750,Cohort2
928,127,Cohort 1a
929,335,Cohort 1c
930,933,Cohort2
931,1035,Cohort2
932,318,Cohort 1c
933,423,Cohort 1c
934,632,Cohort2
935,1025,Cohort2
936,642,Cohort2
937,776,Cohort2
938,812,Cohort2
939,793,Cohort2
940,672,Cohort2
941,377,Cohort 1c
942,477,Cohort 1d
943,405,Cohort 1c
944,796,Cohort2
945,358,Cohort 1c
946,758,Cohort2
947,950,Cohort2
948,306,Cohort 1c
949,686,Cohort2
950,1020,Cohort2
951,607,Cohort2
952,629,Cohort2
953,850,Cohort2
954,215,Cohort 1b
955,650,Cohort2
956,478,Cohort 1d
957,568,Cohort 1d
958,94,Cohort 1a
959,207,Cohort 1b
960,433,Cohort 1c
961,1014,Cohort2
962,593,Cohort 1d
963,397,Cohort 1c
964,625,Cohort2
965,380,Cohort 1c
966,842,Cohort2
967,311,Cohort 1c
968,1034,Cohort2
969,946,Cohort2
970,502,Cohort 1d
971,543,Cohort 1d
972,795,Cohort2
973,148,Cohort 1a
974,453,Cohort 1d
975,746,Cohort2
976,810,Cohort2
977,614,Cohort2
978,571,Cohort 1d
979,813,Cohort2
980,379,Cohort 1c
981,15,Cohort 1a
982,673,Cohort2
983,662,Cohort2
984,79,Cohort 1a
985,867,Cohort2
986,230,Cohort 1b
987,271,Cohort 1b
988,770,Cohort2
989,393,Cohort 1c
990,527,Cohort 1d
991,382,Cohort 1c
992,69,Cohort 1a
993,245,Cohort 1b
994,1037,Cohort2
995,820,Cohort2
996,5,Cohort 1a
997,7,Cohort 1a
998,407,Cohort 1c
999,569,Cohort 1d
1000,345,Cohort 1c
1001,248,Cohort 1b
1002,517,Cohort 1d
1003,703,Cohort2
1004,1028,Cohort2
1005,576,Cohort 1d
1006,483,Cohort 1d
1007,413,Cohort 1c
1008,469,Cohort 1d
1009,586,Cohort 1d
1010,416,Cohort 1c
1011,775,Cohort2
1012,598,Cohort 1d
1013,903,Cohort2
1014,931,Cohort2
1015,160,Cohort 1b
1016,503,Cohort 1d
1017,892,Cohort2
1018,47,Cohort 1a
1019,855,Cohort2
1020,539,Cohort 1d
1021,1043,Cohort2
1022,512,Cohort 1d
1023,68,Cohort 1a
1024,272,Cohort 1b
1025,6,Cohort 1a
1026,923,Cohort2
1027,831,Cohort2
1028,649,Cohort2
1029,251,Cohort 1b
1030,101,Cohort 1a
1031,309,Cohort 1c
1032,540,Cohort 1d
1033,426,Cohort 1c
1034,849,Cohort2
1035,643,Cohort2
1036,218,Cohort 1b
1037,920,Cohort2
1038,781,Cohort2
1039,85,Cohort 1a
1040,525,Cohort 1d
1041,459,Cohort 1d
1042,772,Cohort2
1043,791,Cohort2
